product_name,supplier_name,location,category,price_raw,rating_raw,product_url,scraped_at
Verified cotton t-shirts supplier,,,industrial_machinery,,,,2026-06-16T10:52:11.089158
Bulk t-shirts manufacturer,,,industrial_machinery,,,,2026-06-16T10:52:11.111203
Printed t-shirts dealer,,,industrial_machinery,,,,2026-06-16T10:52:11.131354
Corporate t-shirts supplier,,,industrial_machinery,,,,2026-06-16T10:52:11.152515
Verified cotton t-shirts supplier,,,industrial_machinery,,,,2026-06-16T10:52:16.915297
Bulk t-shirts manufacturer,,,industrial_machinery,,,,2026-06-16T10:52:16.938042
Printed t-shirts dealer,,,industrial_machinery,,,,2026-06-16T10:52:16.958968
Corporate t-shirts supplier,,,industrial_machinery,,,,2026-06-16T10:52:16.980973
Verified cotton t-shirts supplier,,,industrial_machinery,,,,2026-06-16T10:52:22.272655
Bulk t-shirts manufacturer,,,industrial_machinery,,,,2026-06-16T10:52:22.296178
Printed t-shirts dealer,,,industrial_machinery,,,,2026-06-16T10:52:22.319708
Corporate t-shirts supplier,,,industrial_machinery,,,,2026-06-16T10:52:22.340576
Verified cotton t-shirts supplier,,,industrial_machinery,,,,2026-06-16T10:52:27.763130
Bulk t-shirts manufacturer,,,industrial_machinery,,,,2026-06-16T10:52:27.788594
Printed t-shirts dealer,,,industrial_machinery,,,,2026-06-16T10:52:27.813807
Corporate t-shirts supplier,,,industrial_machinery,,,,2026-06-16T10:52:27.839070
Verified cotton t-shirts supplier,,,industrial_machinery,,,,2026-06-16T10:52:32.381445
Bulk t-shirts manufacturer,,,industrial_machinery,,,,2026-06-16T10:52:32.402634
Printed t-shirts dealer,,,industrial_machinery,,,,2026-06-16T10:52:32.424941
Corporate t-shirts supplier,,,industrial_machinery,,,,2026-06-16T10:52:32.444828
Verified cotton t-shirts supplier,,,industrial_machinery,,,,2026-06-16T10:52:37.435333
Bulk t-shirts manufacturer,,,industrial_machinery,,,,2026-06-16T10:52:37.455436
Printed t-shirts dealer,,,industrial_machinery,,,,2026-06-16T10:52:37.476461
Corporate t-shirts supplier,,,industrial_machinery,,,,2026-06-16T10:52:37.498546
Verified cotton t-shirts supplier,,,industrial_machinery,,,,2026-06-16T10:52:42.664744
Bulk t-shirts manufacturer,,,industrial_machinery,,,,2026-06-16T10:52:42.685450
Printed t-shirts dealer,,,industrial_machinery,,,,2026-06-16T10:52:42.704785
Corporate t-shirts supplier,,,industrial_machinery,,,,2026-06-16T10:52:42.724237
Verified cotton t-shirts supplier,,,industrial_machinery,,,,2026-06-16T10:52:47.705666
Bulk t-shirts manufacturer,,,industrial_machinery,,,,2026-06-16T10:52:47.725589
Printed t-shirts dealer,,,industrial_machinery,,,,2026-06-16T10:52:47.745871
Corporate t-shirts supplier,,,industrial_machinery,,,,2026-06-16T10:52:47.765886
Verified cotton t-shirts supplier,,,industrial_machinery,,,,2026-06-16T10:52:51.565307
Bulk t-shirts manufacturer,,,industrial_machinery,,,,2026-06-16T10:52:51.589355
Printed t-shirts dealer,,,industrial_machinery,,,,2026-06-16T10:52:51.610075
Corporate t-shirts supplier,,,industrial_machinery,,,,2026-06-16T10:52:51.630146
Verified cotton t-shirts supplier,,,industrial_machinery,,,,2026-06-16T10:52:55.782342
Bulk t-shirts manufacturer,,,industrial_machinery,,,,2026-06-16T10:52:55.803133
Printed t-shirts dealer,,,industrial_machinery,,,,2026-06-16T10:52:55.823110
Corporate t-shirts supplier,,,industrial_machinery,,,,2026-06-16T10:52:55.843382
Verified cotton t-shirts supplier,,,industrial_machinery,,,,2026-06-16T10:53:00.077216
Bulk t-shirts manufacturer,,,industrial_machinery,,,,2026-06-16T10:53:00.097113
Printed t-shirts dealer,,,industrial_machinery,,,,2026-06-16T10:53:00.119245
Corporate t-shirts supplier,,,industrial_machinery,,,,2026-06-16T10:53:00.138644
Verified cotton t-shirts supplier,,,industrial_machinery,,,,2026-06-16T10:53:05.552544
Bulk t-shirts manufacturer,,,industrial_machinery,,,,2026-06-16T10:53:05.571988
Printed t-shirts dealer,,,industrial_machinery,,,,2026-06-16T10:53:05.591651
Corporate t-shirts supplier,,,industrial_machinery,,,,2026-06-16T10:53:05.611656
Verified cotton t-shirts supplier,,,industrial_machinery,,,,2026-06-16T10:53:11.472878
Bulk t-shirts manufacturer,,,industrial_machinery,,,,2026-06-16T10:53:11.510624
Printed t-shirts dealer,,,industrial_machinery,,,,2026-06-16T10:53:11.532472
Corporate t-shirts supplier,,,industrial_machinery,,,,2026-06-16T10:53:11.552186
Verified cotton t-shirts supplier,,,electronics,,,,2026-06-16T10:53:21.786470
Bulk t-shirts manufacturer,,,electronics,,,,2026-06-16T10:53:21.809854
Printed t-shirts dealer,,,electronics,,,,2026-06-16T10:53:21.837579
Corporate t-shirts supplier,,,electronics,,,,2026-06-16T10:53:21.860769
Verified cotton t-shirts supplier,,,electronics,,,,2026-06-16T10:53:26.658432
Bulk t-shirts manufacturer,,,electronics,,,,2026-06-16T10:53:26.683741
Printed t-shirts dealer,,,electronics,,,,2026-06-16T10:53:26.710840
Corporate t-shirts supplier,,,electronics,,,,2026-06-16T10:53:26.735913
Verified cotton t-shirts supplier,,,electronics,,,,2026-06-16T10:53:30.305587
Bulk t-shirts manufacturer,,,electronics,,,,2026-06-16T10:53:30.328224
Printed t-shirts dealer,,,electronics,,,,2026-06-16T10:53:30.348435
Corporate t-shirts supplier,,,electronics,,,,2026-06-16T10:53:30.368261
Verified cotton t-shirts supplier,,,electronics,,,,2026-06-16T10:53:35.476476
Bulk t-shirts manufacturer,,,electronics,,,,2026-06-16T10:53:35.495741
Printed t-shirts dealer,,,electronics,,,,2026-06-16T10:53:35.515032
Corporate t-shirts supplier,,,electronics,,,,2026-06-16T10:53:35.534950
Verified cotton t-shirts supplier,,,electronics,,,,2026-06-16T10:53:40.618215
Bulk t-shirts manufacturer,,,electronics,,,,2026-06-16T10:53:40.637276
Printed t-shirts dealer,,,electronics,,,,2026-06-16T10:53:40.656270
Corporate t-shirts supplier,,,electronics,,,,2026-06-16T10:53:40.675601
Verified cotton t-shirts supplier,,,electronics,,,,2026-06-16T10:53:45.671524
Bulk t-shirts manufacturer,,,electronics,,,,2026-06-16T10:53:45.692872
Printed t-shirts dealer,,,electronics,,,,2026-06-16T10:53:45.714015
Corporate t-shirts supplier,,,electronics,,,,2026-06-16T10:53:45.734430
Verified cotton t-shirts supplier,,,electronics,,,,2026-06-16T10:53:50.875438
Bulk t-shirts manufacturer,,,electronics,,,,2026-06-16T10:53:50.897707
Printed t-shirts dealer,,,electronics,,,,2026-06-16T10:53:50.918858
Corporate t-shirts supplier,,,electronics,,,,2026-06-16T10:53:50.939648
Verified cotton t-shirts supplier,,,electronics,,,,2026-06-16T10:53:55.376507
Bulk t-shirts manufacturer,,,electronics,,,,2026-06-16T10:53:55.397311
Printed t-shirts dealer,,,electronics,,,,2026-06-16T10:53:55.417075
Corporate t-shirts supplier,,,electronics,,,,2026-06-16T10:53:55.436118
Verified cotton t-shirts supplier,,,electronics,,,,2026-06-16T10:54:00.064435
Bulk t-shirts manufacturer,,,electronics,,,,2026-06-16T10:54:00.084052
Printed t-shirts dealer,,,electronics,,,,2026-06-16T10:54:00.103749
Corporate t-shirts supplier,,,electronics,,,,2026-06-16T10:54:00.123022
Verified cotton t-shirts supplier,,,electronics,,,,2026-06-16T10:54:03.629743
Bulk t-shirts manufacturer,,,electronics,,,,2026-06-16T10:54:03.648937
Printed t-shirts dealer,,,electronics,,,,2026-06-16T10:54:03.668465
Corporate t-shirts supplier,,,electronics,,,,2026-06-16T10:54:03.688534
Verified cotton t-shirts supplier,,,electronics,,,,2026-06-16T10:54:08.340430
Bulk t-shirts manufacturer,,,electronics,,,,2026-06-16T10:54:08.359350
Printed t-shirts dealer,,,electronics,,,,2026-06-16T10:54:08.378449
Corporate t-shirts supplier,,,electronics,,,,2026-06-16T10:54:08.397276
Verified cotton t-shirts supplier,,,electronics,,,,2026-06-16T10:54:13.258607
Bulk t-shirts manufacturer,,,electronics,,,,2026-06-16T10:54:13.278924
Printed t-shirts dealer,,,electronics,,,,2026-06-16T10:54:13.299655
Corporate t-shirts supplier,,,electronics,,,,2026-06-16T10:54:13.321603
Verified cotton t-shirts supplier,,,electronics,,,,2026-06-16T10:54:17.979713
Bulk t-shirts manufacturer,,,electronics,,,,2026-06-16T10:54:18.000087
Printed t-shirts dealer,,,electronics,,,,2026-06-16T10:54:18.021800
Corporate t-shirts supplier,,,electronics,,,,2026-06-16T10:54:18.042131
Verified cotton t-shirts supplier,,,textiles,,,,2026-06-16T10:54:27.862740
Bulk t-shirts manufacturer,,,textiles,,,,2026-06-16T10:54:27.882412
Printed t-shirts dealer,,,textiles,,,,2026-06-16T10:54:27.901882
Corporate t-shirts supplier,,,textiles,,,,2026-06-16T10:54:27.920629
Verified cotton t-shirts supplier,,,textiles,,,,2026-06-16T10:54:32.048621
Bulk t-shirts manufacturer,,,textiles,,,,2026-06-16T10:54:32.069376
Printed t-shirts dealer,,,textiles,,,,2026-06-16T10:54:32.090795
Corporate t-shirts supplier,,,textiles,,,,2026-06-16T10:54:32.109958
Verified cotton t-shirts supplier,,,textiles,,,,2026-06-16T10:54:36.491838
Bulk t-shirts manufacturer,,,textiles,,,,2026-06-16T10:54:36.511088
Printed t-shirts dealer,,,textiles,,,,2026-06-16T10:54:36.529980
Corporate t-shirts supplier,,,textiles,,,,2026-06-16T10:54:36.548873
Verified cotton t-shirts supplier,,,textiles,,,,2026-06-16T10:54:41.759666
Bulk t-shirts manufacturer,,,textiles,,,,2026-06-16T10:54:41.792015
Printed t-shirts dealer,,,textiles,,,,2026-06-16T10:54:41.811397
Corporate t-shirts supplier,,,textiles,,,,2026-06-16T10:54:41.830697
Verified cotton t-shirts supplier,,,textiles,,,,2026-06-16T10:54:47.610528
Bulk t-shirts manufacturer,,,textiles,,,,2026-06-16T10:54:47.629529
Printed t-shirts dealer,,,textiles,,,,2026-06-16T10:54:47.648528
Corporate t-shirts supplier,,,textiles,,,,2026-06-16T10:54:47.667359
Verified cotton t-shirts supplier,,,textiles,,,,2026-06-16T10:54:53.319796
Bulk t-shirts manufacturer,,,textiles,,,,2026-06-16T10:54:53.340623
Printed t-shirts dealer,,,textiles,,,,2026-06-16T10:54:53.360897
Corporate t-shirts supplier,,,textiles,,,,2026-06-16T10:54:53.381071
Verified cotton t-shirts supplier,,,textiles,,,,2026-06-16T10:54:58.061654
Bulk t-shirts manufacturer,,,textiles,,,,2026-06-16T10:54:58.080951
Printed t-shirts dealer,,,textiles,,,,2026-06-16T10:54:58.102115
Corporate t-shirts supplier,,,textiles,,,,2026-06-16T10:54:58.122233
Verified cotton t-shirts supplier,,,textiles,,,,2026-06-16T10:55:02.184142
Bulk t-shirts manufacturer,,,textiles,,,,2026-06-16T10:55:02.203742
Printed t-shirts dealer,,,textiles,,,,2026-06-16T10:55:02.223250
Corporate t-shirts supplier,,,textiles,,,,2026-06-16T10:55:02.243616
Verified cotton t-shirts supplier,,,textiles,,,,2026-06-16T10:55:06.316964
Bulk t-shirts manufacturer,,,textiles,,,,2026-06-16T10:55:06.346091
Printed t-shirts dealer,,,textiles,,,,2026-06-16T10:55:06.373817
Corporate t-shirts supplier,,,textiles,,,,2026-06-16T10:55:06.404148
Verified cotton t-shirts supplier,,,textiles,,,,2026-06-16T10:55:11.500197
Bulk t-shirts manufacturer,,,textiles,,,,2026-06-16T10:55:11.526246
Printed t-shirts dealer,,,textiles,,,,2026-06-16T10:55:11.556340
Corporate t-shirts supplier,,,textiles,,,,2026-06-16T10:55:11.583750
Verified cotton t-shirts supplier,,,textiles,,,,2026-06-16T10:55:17.028819
Bulk t-shirts manufacturer,,,textiles,,,,2026-06-16T10:55:17.053829
Printed t-shirts dealer,,,textiles,,,,2026-06-16T10:55:17.078566
Corporate t-shirts supplier,,,textiles,,,,2026-06-16T10:55:17.104179
Verified cotton t-shirts supplier,,,textiles,,,,2026-06-16T10:55:21.951919
Bulk t-shirts manufacturer,,,textiles,,,,2026-06-16T10:55:21.973514
Printed t-shirts dealer,,,textiles,,,,2026-06-16T10:55:21.993734
Corporate t-shirts supplier,,,textiles,,,,2026-06-16T10:55:22.014531
Verified cotton t-shirts supplier,,,textiles,,,,2026-06-16T10:55:26.310488
Bulk t-shirts manufacturer,,,textiles,,,,2026-06-16T10:55:26.341556
Printed t-shirts dealer,,,textiles,,,,2026-06-16T10:55:26.377398
Corporate t-shirts supplier,,,textiles,,,,2026-06-16T10:55:26.404285
Verified cotton t-shirts supplier,,,chemicals,,,,2026-06-16T10:55:36.574746
Bulk t-shirts manufacturer,,,chemicals,,,,2026-06-16T10:55:36.601098
Printed t-shirts dealer,,,chemicals,,,,2026-06-16T10:55:36.627002
Corporate t-shirts supplier,,,chemicals,,,,2026-06-16T10:55:36.652476
Verified cotton t-shirts supplier,,,chemicals,,,,2026-06-16T10:55:42.921928
Bulk t-shirts manufacturer,,,chemicals,,,,2026-06-16T10:55:42.945748
Printed t-shirts dealer,,,chemicals,,,,2026-06-16T10:55:42.970803
Corporate t-shirts supplier,,,chemicals,,,,2026-06-16T10:55:42.996451
Verified cotton t-shirts supplier,,,chemicals,,,,2026-06-16T10:55:47.647440
Bulk t-shirts manufacturer,,,chemicals,,,,2026-06-16T10:55:47.672808
Printed t-shirts dealer,,,chemicals,,,,2026-06-16T10:55:47.699323
Corporate t-shirts supplier,,,chemicals,,,,2026-06-16T10:55:47.725086
Verified cotton t-shirts supplier,,,chemicals,,,,2026-06-16T10:55:52.650403
Bulk t-shirts manufacturer,,,chemicals,,,,2026-06-16T10:55:52.674989
Printed t-shirts dealer,,,chemicals,,,,2026-06-16T10:55:52.698974
Corporate t-shirts supplier,,,chemicals,,,,2026-06-16T10:55:52.723275
Verified cotton t-shirts supplier,,,chemicals,,,,2026-06-16T10:55:57.657046
Bulk t-shirts manufacturer,,,chemicals,,,,2026-06-16T10:55:57.681356
Printed t-shirts dealer,,,chemicals,,,,2026-06-16T10:55:57.706774
Corporate t-shirts supplier,,,chemicals,,,,2026-06-16T10:55:57.731138
Verified cotton t-shirts supplier,,,chemicals,,,,2026-06-16T10:56:02.800407
Bulk t-shirts manufacturer,,,chemicals,,,,2026-06-16T10:56:02.827814
Printed t-shirts dealer,,,chemicals,,,,2026-06-16T10:56:02.854275
Corporate t-shirts supplier,,,chemicals,,,,2026-06-16T10:56:02.880581
Verified cotton t-shirts supplier,,,chemicals,,,,2026-06-16T10:56:07.351622
Bulk t-shirts manufacturer,,,chemicals,,,,2026-06-16T10:56:07.390405
Printed t-shirts dealer,,,chemicals,,,,2026-06-16T10:56:07.414404
Corporate t-shirts supplier,,,chemicals,,,,2026-06-16T10:56:07.437769
Verified cotton t-shirts supplier,,,chemicals,,,,2026-06-16T10:56:13.333629
Bulk t-shirts manufacturer,,,chemicals,,,,2026-06-16T10:56:13.352686
Printed t-shirts dealer,,,chemicals,,,,2026-06-16T10:56:13.371493
Corporate t-shirts supplier,,,chemicals,,,,2026-06-16T10:56:13.390392
Verified cotton t-shirts supplier,,,chemicals,,,,2026-06-16T10:56:17.829048
Bulk t-shirts manufacturer,,,chemicals,,,,2026-06-16T10:56:17.848035
Printed t-shirts dealer,,,chemicals,,,,2026-06-16T10:56:17.867539
Corporate t-shirts supplier,,,chemicals,,,,2026-06-16T10:56:17.938036
Verified cotton t-shirts supplier,,,chemicals,,,,2026-06-16T10:56:21.682503
Bulk t-shirts manufacturer,,,chemicals,,,,2026-06-16T10:56:21.701852
Printed t-shirts dealer,,,chemicals,,,,2026-06-16T10:56:21.721307
Corporate t-shirts supplier,,,chemicals,,,,2026-06-16T10:56:21.740073
Verified cotton t-shirts supplier,,,chemicals,,,,2026-06-16T10:56:26.278278
Bulk t-shirts manufacturer,,,chemicals,,,,2026-06-16T10:56:26.298035
Printed t-shirts dealer,,,chemicals,,,,2026-06-16T10:56:26.318446
Corporate t-shirts supplier,,,chemicals,,,,2026-06-16T10:56:26.340796
Verified cotton t-shirts supplier,,,chemicals,,,,2026-06-16T10:56:29.878609
Bulk t-shirts manufacturer,,,chemicals,,,,2026-06-16T10:56:29.900757
Printed t-shirts dealer,,,chemicals,,,,2026-06-16T10:56:29.922103
Corporate t-shirts supplier,,,chemicals,,,,2026-06-16T10:56:29.942801
Verified cotton t-shirts supplier,,,chemicals,,,,2026-06-16T10:56:34.509455
Bulk t-shirts manufacturer,,,chemicals,,,,2026-06-16T10:56:34.529520
Printed t-shirts dealer,,,chemicals,,,,2026-06-16T10:56:34.550064
Corporate t-shirts supplier,,,chemicals,,,,2026-06-16T10:56:34.570248
Verified cotton t-shirts supplier,,,agriculture,,,,2026-06-16T10:56:42.507197
Bulk t-shirts manufacturer,,,agriculture,,,,2026-06-16T10:56:42.527958
Printed t-shirts dealer,,,agriculture,,,,2026-06-16T10:56:42.548524
Corporate t-shirts supplier,,,agriculture,,,,2026-06-16T10:56:42.567557
Verified cotton t-shirts supplier,,,agriculture,,,,2026-06-16T10:56:47.956054
Bulk t-shirts manufacturer,,,agriculture,,,,2026-06-16T10:56:47.981570
Printed t-shirts dealer,,,agriculture,,,,2026-06-16T10:56:48.006232
Corporate t-shirts supplier,,,agriculture,,,,2026-06-16T10:56:48.028905
Verified cotton t-shirts supplier,,,agriculture,,,,2026-06-16T10:56:51.499150
Bulk t-shirts manufacturer,,,agriculture,,,,2026-06-16T10:56:51.518032
Printed t-shirts dealer,,,agriculture,,,,2026-06-16T10:56:51.537254
Corporate t-shirts supplier,,,agriculture,,,,2026-06-16T10:56:51.557043
Verified cotton t-shirts supplier,,,agriculture,,,,2026-06-16T10:56:56.542349
Bulk t-shirts manufacturer,,,agriculture,,,,2026-06-16T10:56:56.576896
Printed t-shirts dealer,,,agriculture,,,,2026-06-16T10:56:56.596922
Corporate t-shirts supplier,,,agriculture,,,,2026-06-16T10:56:56.616729
Verified cotton t-shirts supplier,,,agriculture,,,,2026-06-16T10:57:01.771968
Bulk t-shirts manufacturer,,,agriculture,,,,2026-06-16T10:57:01.803344
Printed t-shirts dealer,,,agriculture,,,,2026-06-16T10:57:01.842615
Corporate t-shirts supplier,,,agriculture,,,,2026-06-16T10:57:01.875562
Verified cotton t-shirts supplier,,,agriculture,,,,2026-06-16T10:57:06.109857
Bulk t-shirts manufacturer,,,agriculture,,,,2026-06-16T10:57:06.138452
Printed t-shirts dealer,,,agriculture,,,,2026-06-16T10:57:06.202436
Corporate t-shirts supplier,,,agriculture,,,,2026-06-16T10:57:06.230122
Verified cotton t-shirts supplier,,,agriculture,,,,2026-06-16T10:57:10.853086
Bulk t-shirts manufacturer,,,agriculture,,,,2026-06-16T10:57:10.877383
Printed t-shirts dealer,,,agriculture,,,,2026-06-16T10:57:10.901118
Corporate t-shirts supplier,,,agriculture,,,,2026-06-16T10:57:10.924128
